<?xml version="1.0" encoding="UTF-8"?>
<sltp_editor version="1.1" packageUris="http://schema.mathworks.com/mf0/DiagramEditor/R2019a_20181107 http://schema.mathworks.com/mf0/SltpSyntax/R2025a_202406271400">
  <sltp.mm.syntax.Context type="sltp.mm.syntax.Context" uuid="7afab01e-edc5-466d-92cc-4d8e9374f03a">
    <rootGraph type="sltp.mm.syntax.Graph" uuid="e675788e-fcb8-43d6-9cb2-915df4c92fc9">
      <children type="sltp.mm.syntax.Node" uuid="852e15d5-924e-4316-a085-7bef42a20b44">
        <priority>40</priority>
        <rates type="sltp.mm.syntax.RateData">
          <color>#000000</color>
          <hasBlocks>true</hasBlocks>
          <rate>0</rate>
          <title>Cont</title>
        </rates>
        <rates type="sltp.mm.syntax.RateData">
          <color>#ff453a</color>
          <rate>0.001</rate>
          <title>D1</title>
        </rates>
        <title>Cont</title>
        <type>base</type>
        <diagramElement type="diagram.editor.model.Entity" uuid="2ba9feae-9e0e-4f14-9546-6e409a371253"/>
        <subgraph type="sltp.mm.syntax.Graph" uuid="d324c77b-c934-4b8a-96f4-9b1d8439a17c">
          <title>Cont</title>
          <diagramElement type="diagram.editor.model.Diagram" uuid="41cd208e-3aac-48d2-806a-1ca9de70fffb"/>
        </subgraph>
      </children>
      <title>Default</title>
      <diagramElement type="diagram.editor.model.Diagram" uuid="acddbab4-87b8-4887-8336-58c010a6b76b"/>
    </rootGraph>
  </sltp.mm.syntax.Context>
  <diagram.editor.model.Diagram type="diagram.editor.model.Diagram" uuid="acddbab4-87b8-4887-8336-58c010a6b76b">
    <entities type="diagram.editor.model.Entity" uuid="2ba9feae-9e0e-4f14-9546-6e409a371253">
      <position>0,0</position>
      <size>0,0,0,0</size>
      <syntaxElement type="sltp.mm.syntax.Node" uuid="852e15d5-924e-4316-a085-7bef42a20b44"/>
      <title>Cont</title>
      <type>base</type>
      <subDiagram type="diagram.editor.model.Diagram" uuid="41cd208e-3aac-48d2-806a-1ca9de70fffb">
        <position>0,0</position>
        <syntaxElement type="sltp.mm.syntax.Graph" uuid="d324c77b-c934-4b8a-96f4-9b1d8439a17c"/>
        <title>Cont</title>
        <type>graph.Graph</type>
      </subDiagram>
    </entities>
    <syntaxElement type="sltp.mm.syntax.Graph" uuid="e675788e-fcb8-43d6-9cb2-915df4c92fc9"/>
    <title>Default</title>
    <type>graph.Graph</type>
  </diagram.editor.model.Diagram>
</sltp_editor>