<?xml version="1.0" encoding="UTF-8"?>
<sltp_graph version="1.1" packageUris="http://schema.mathworks.com/mf0/sltp_mm/R2025a_202406271200">
  <sltp.mm.core.Context type="sltp.mm.core.Context" uuid="2c324efa-23d9-482e-9b92-8ba1252b786e">
    <priorityDirection>HighNumberLast</priorityDirection>
    <unusedTaskIds>1</unusedTaskIds>
    <defaultBarrierBehavior type="sltp.mm.core.BarrierBehavior" uuid="6a2e8f03-08c4-4b0f-84bf-53d8a566fac3"/>
    <defaultEventBehavior type="sltp.mm.core.EventBehavior" uuid="accd3588-88ec-4e13-b222-6b8795687017"/>
    <editorState type="sltp.mm.core.EditorState" uuid="b005b4ef-7851-4b03-b673-8051ae5df7fe">
      <isSynchronized>true</isSynchronized>
      <panelState type="sltp.mm.core.EditorPanelState" uuid="1cadd603-f543-4c75-affa-a4a16db846e9"/>
    </editorState>
    <rootTask type="sltp.mm.core.Task" uuid="45259212-730f-4933-b561-8f1f7f902508">
      <context type="sltp.mm.core.Context" uuid="2c324efa-23d9-482e-9b92-8ba1252b786e"/>
      <explicit>false</explicit>
      <name>Default</name>
      <priority>-2147483648</priority>
      <subgraph type="sltp.mm.core.Graph" uuid="df73d6a2-6cab-4c14-a8f9-5784ec508259">
        <tasks type="sltp.mm.core.Task" uuid="d45241f9-c069-4970-8f5e-ac5caaecda03">
          <baseTask>true</baseTask>
          <context type="sltp.mm.core.Context" uuid="2c324efa-23d9-482e-9b92-8ba1252b786e"/>
          <explicit>false</explicit>
          <id>2</id>
          <isTimed>true</isTimed>
          <name>Cont</name>
          <priority>40</priority>
          <rates type="sltp.mm.core.Rate" uuid="0c32ac1e-7e69-4880-b107-845469a18e13">
            <annotation>Cont</annotation>
            <color>255</color>
            <hasBlocks>true</hasBlocks>
            <identifier>Continuous00</identifier>
            <rateIndex>0</rateIndex>
            <rateSpec type="sltp.mm.core.RateSpec">
              <period>0.0</period>
            </rateSpec>
            <sti>0</sti>
          </rates>
          <rates type="sltp.mm.core.Rate" uuid="e3b0c56d-a70a-4d36-9c10-3fdc133f21b6">
            <annotation>D1</annotation>
            <color>-12240129</color>
            <rateIndex>1</rateIndex>
            <rateSpec type="sltp.mm.core.RateSpec">
              <period>.001</period>
            </rateSpec>
            <sti>1</sti>
          </rates>
        </tasks>
      </subgraph>
    </rootTask>
  </sltp.mm.core.Context>
</sltp_graph>