<?xml version="1.0" encoding="UTF-8" standalone="yes" ?>
<cp:coreProperties xmlns:cp="http://schemas.openxmlformats.org/package/2006/metadata/core-properties" xmlns:dc="http://purl.org/dc/elements/1.1/" xmlns:dcmitype="http://purl.org/dc/dcmitype/" xmlns:dcterms="http://purl.org/dc/terms/" xmlns:xsi="http://www.w3.org/2001/XMLSchema-instance">
  <cp:category>model</cp:category>
  <dcterms:created xsi:type="dcterms:W3CDTF">2025-07-16T07:19:41Z</dcterms:created>
  <dc:creator>User</dc:creator>
  <cp:lastModifiedBy>User</cp:lastModifiedBy>
  <dcterms:modified xsi:type="dcterms:W3CDTF">2025-10-15T07:21:09Z</dcterms:modified>
  <cp:revision>2.2</cp:revision>
  <cp:version>R2025a</cp:version>
</cp:coreProperties>
